标题,小区名d:\projects\DSL\college_departments.csv d:\projects\DSL\cr_tsh.py地区板块,户型,面积,朝向,装修,楼层,关注信息,房屋总价,房屋单价
秀川建工颐景 精装修两室 中高楼层 满二 随时过户,建工颐景住宅小区,秀川,2室1厅,92.77平米,东南,精装,高楼层(共34层),0人关注 / 24天以前发布, 66万,"7,115元/平"
渭源路 南河新村 东西通透 正规两室两厅  近学 校,南河新村小区,渭源路,2室2厅,84平米,东 西,简装,中楼层(共6层),0人关注 / 1个月以前发布, 65万,"7,739元/平"
文化宫 两室两厅 可按揭 拎包入住,林家佳苑,上西园,2室1厅,88.26平米,东,简装,中楼层(共10层),0人关注 / 4个月以前发布, 37万,"4,193元/平"
海关地铁口 金水湾两室落地窗 朝南,众邦金水湾,海关,2室2厅,107.05平米,南,简装,低楼层(共26层),0人关注 / 6个月以前发布, 86万,"8,034元/平"
东瓯逸景北 省气象局地铁口 两室两厅 南北通透,甘肃省气象局家属院,段家滩,2室2厅,68.38平米,南 北,简装,中楼层(共6层),0人关注 / 6个月以前发布, 62万,"9,067元/平"
业主急售，价格好商量，看房方便,水电四局安装分局家属院,临洮街,2室1厅,54.16平米,南 北,简装,低楼层(共6层),0人关注 / 30天以前发布, 20万,"3,693元/平"
黄河北  三室两厅  毛坯 成熟商圈,元森北新时代（石榴园）,黄河北,3室1厅,103平米,西北,毛坯,中楼层(共35层),1人关注 / 2个月以前发布, 66万,"6,408元/平"
铁路局新建商品房，内庭结构，园林水系！,逸品华府,火车站,3室2厅,121.09平米,南 北,其他,中楼层(共33层),0人关注 / 一年前发布, 280万,"23,124元/平"
火车站次新小区电梯房，小区绿化高好，环境优美,兰州银行职工住宅小区,火车站,2室1厅,93.57平米,南,毛坯,低楼层(共34层),0人关注 / 1个月以前发布, 116万,"12,398元/平"
户型方正 落地窗 格局好 视野开阔 飘窗  人车分流,甘肃农垦家园,二热,2室2厅,92.22平米,南 北,简装,低楼层(共32层),0人关注 / 6个月以前发布, 53万,"5,748元/平"
南昌路 两室一厅 南北户型 低楼层 布局紧凑 视线开阔,中科院近物所南昌路家属院（二区）,渭源路,2室1厅,60平米,南 北,简装,低楼层(共5层),0人关注 / 25天以前发布, 45万,"7,500元/平"
万里东区 楼层好采光好 看房有钥匙,万里厂家属院东村,费家营,2室1厅,53平米,南 北,其他,高楼层(共6层),0人关注 / 27天以前发布, 26万,"4,906元/平"
南北通透 园林小区 拎包入住 可按揭,明仁花苑,上西园,2室2厅,105.13平米,南 北,精装,中楼层(共8层),0人关注 / 3个月以前发布, 83万,"7,895元/平"
火车站电梯房两室一厅采光视野好产权清晰看房方便,红山雅轩,火车站,2室1厅,87.74平米,南,简装,高楼层(共33层),0人关注 / 5个月以前发布, 62万,"7,067元/平"
广场东口地铁口 框架 两居室 看房方便 业主在兰,省测绘局家属院（东岗西路）,东方红广场,2室1厅,61.8平米,南 北,其他,高楼层(共8层),0人关注 / 1个月以前发布, 49.8万,"8,059元/平"
户型方正，南北通透，即买即装修，配套成熟,绿地智慧金融城学府大境,兰州新区,3室2厅,123.15平米,南 北,毛坯,低楼层(共33层),0人关注 / 18天以前发布, 50万,"4,061元/平"
铁一院云祥小区，电梯房，楼层高，视线不遮挡,铁一院云祥小区,五泉广场,2室1厅,75.46平米,东南,其他,高楼层(共28层),0人关注 / 1个月以前发布, 108万,"14,313元/平"
碧桂园二期 精装修的两室两厅，前排视野采光无遮挡,海德郡五号院,碧桂园,2室1厅,75.51平米,南 北,精装,中楼层(共26层),0人关注 / 一年前发布, 39.9万,"5,285元/平"
兰石豪布斯卡珑园 3室1厅 南,兰石豪布斯卡珑园,豪布斯卡,3室1厅,115.76平米,南,其他,低楼层(共30层),0人关注 / 2个月以前发布, 120万,"10,367元/平"
定西路东口省中医附属医院兰新东部市场民航家属院,民航小区,二热,2室2厅,63平米,东 西,简装,中楼层(共7层),0人关注 / 5个月以前发布, 54.6万,"8,667元/平"
福临小区 低楼层 南北向 采光好 总价低,福临小区,金城公园,2室1厅,61.97平米,南 北,简装,低楼层(共8层),0人关注 / 1个月以前发布, 46万,"7,423元/平"
火车站西路地铁二号线康宁园  框架结构可按揭 诚心卖,康宁园住宅小区,火车站,2室1厅,65平米,西,毛坯,中楼层(共8层),0人关注 / 2个月以前发布, 45万,"6,924元/平"
豪布斯卡璟园正规两室··户型方正无浪费,兰石豪布斯卡璟园,豪布斯卡,2室1厅,102平米,南,毛坯,中楼层(共30层),1人关注 / 一年前发布, 109万,"10,687元/平"
秀川新村 50.82平2室 好房出售,秀川新村,秀川,2室1厅,50.82平米,南 北,简装,低楼层(共6层),0人关注 / 1个月以前发布, 24万,"4,723元/平"
绿地四期两室毛坯，全朝南，明厨明卫，西却户型，,绿地瓦萨公馆,兰州新区,2室2厅,84.63平米,南 北,简装,中楼层(共25层),0人关注 / 一年前发布, 39万,"4,609元/平"
大众巷 电梯 一室一厅 精装修,大众巷小高层,西关南关,1室1厅,44.11平米,东,精装,高楼层(共15层),0人关注 / 4个月以前发布, 32万,"7,255元/平"
上西园 新高层 两室 精装修 可按揭,新华园小区,建工局,2室2厅,93.67平米,南,精装,高楼层(共32层),0人关注 / 20天以前发布, 90万,"9,609元/平"
广场附  采光无遮挡  交通便利 生活便利 可随时看房,林业厅家属院（甘南路）,东方红广场,2室1厅,52.22平米,南,其他,低楼层(共9层),0人关注 / 1个月以前发布, 50万,"9,575元/平"
小西湖地铁口 电梯房  三室两厅 南北通透 产权清晰,倚能·金河家园,小西湖,3室2厅,113.66平米,南 北,简装,中楼层(共8层),0人关注 / 一年前发布, 128万,"11,262元/平"
火车站电梯房中间楼层落地大窗采光充足产权清晰可按揭,红山绿茵小区,火车站,1室1厅,58.25平米,南,其他,高楼层(共25层),0人关注 / 28天以前发布, 32万,"5,494元/平"
"东郊乡三室一厅,采光视野无遮挡,交通出行便利",甘肃省秦剧团家属院,渭源路,3室1厅,77.62平米,南 北,简装,低楼层(共6层),1人关注 / 一年前发布, 48万,"6,184元/平"
毛坯，有产权，可按揭，户型方正，通风采光好。,兰西铁苑A区,小平房,2室1厅,86.79平米,南,毛坯,低楼层(共34层),1人关注 / 一年前发布, 45万,"5,185元/平"
中医附属医院家属院 两室两厅 房型方 正楼层佳,甘肃省中医学院附属医院家属院,东湖,2室1厅,64.74平米,南,其他,中楼层(共8层),0人关注 / 2个月以前发布, 46万,"7,106元/平"
静安小户型低楼层 首付低，生活设施配套完善。,静安小区,西关南关,2室0厅,53.42平米,东 北,简装,低楼层(共12层),0人关注 / 3个月以前发布, 36.5万,"6,833元/平"
马路之隔奥体万达茂  三室两卫 现房小区,绿城兰州诚园明礼苑,奥体中心,3室1厅,118.15平米,南 北,毛坯,低楼层(共34层),0人关注 / 2个月以前发布, 107万,"9,057元/平"
铁路局电梯高层单位福利房 铁一五十四 可按揭诚心出售,铁一院云祥小区,五泉广场,2室2厅,75.46平米,东北,简装,低楼层(共28层),0人关注 / 1个月以前发布, 85万,"11,265元/平"
地铁口新小区 毛坯房南北通透 采光视野好 可按揭,轨道城市曙光,东岗,2室2厅,103.59平米,南 北,毛坯,高楼层(共32层),0人关注 / 3个月以前发布, 79万,"7,627元/平"
西站首付20铁建馨苑两室两厅南北通透明厨明卫毛坯,铁建馨苑,龚家湾,2室2厅,93.94平米,南 北,毛坯,低楼层(共34层),0人关注 / 11个月以前发布, 52.5万,"5,589元/平"
奥体万达茂刚交付三室毛坯好房源,绿城兰州诚园明礼苑,奥体中心,3室2厅,100.4平米,南,毛坯,低楼层(共30层),0人关注 / 3个月以前发布, 88万,"8,765元/平"
碧桂园主道路旁三室两厅南北通透带车位出售价格可谈,爱丁堡,碧桂园,3室2厅,106.56平米,南 北,精装,中楼层(共29层),0人关注 / 6个月以前发布, 65万,"6,100元/平"
民东小区电梯房 正规两室一厅 朝南 可按揭 价格可谈,民东小区,东方红广场,2室1厅,69.04平米,南,简装,高楼层(共30层),0人关注 / 6个月以前发布, 85万,"12,312元/平"
吴家园一毛厂，三室一厅，精装修，中间楼层，产权清晰,吴家园一毛厂家属院,兰州中心,3室1厅,51.9平米,南 北,精装,低楼层(共6层),0人关注 / 2个月以前发布, 49.8万,"9,596元/平"
业主急售 康乐园 铁四 五十六  电梯房 南北通通,康乐园小区,火车站,2室1厅,61平米,南 北,简装,中楼层(共8层),0人关注 / 2个月以前发布, 58万,"9,509元/平"
东南两室  餐客一体 空间大 适宜住家 交通便利,雁滩家园B区,万达大润发,2室1厅,99平米,东南,其他,高楼层(共32层),0人关注 / 4个月以前发布, 86万,"8,687元/平"
此房高楼层，视野开阔，小区人车分流，19年新高层,航天和美,渭源路,2室1厅,76.21平米,西北,毛坯,中楼层(共28层),0人关注 / 8个月以前发布, 113万,"14,828元/平"
东部商圈 欣欣茗园 好房出售 全南户型 大落地窗急售,欣欣茗园,段家滩,2室2厅,106.12平米,南,简装,高楼层(共32层),0人关注 / 9个月以前发布, 95万,"8,953元/平"
西站首付16万三室两厅南北通透明厨明卫小区环境优美,中海铂悦府三期,龚家湾,3室2厅,90.33平米,南 北,精装,高楼层(共28层),0人关注 / 6个月以前发布, 81万,"8,968元/平"
三角花园  两室  西南向 可按揭随时看,机运小区（红山根东路）,火车站,2室1厅,55平米,南 北,简装,中楼层(共8层),0人关注 / 5个月以前发布, 23.8万,"4,328元/平"
渭源路十字近物所二区 两居小户型 产权清晰 停车方便,中科院近物所南昌路家属院（二区）,渭源路,2室1厅,57平米,南 北,简装,中楼层(共5层),0人关注 / 1个月以前发布, 42万,"7,369元/平"
永新华的河景房，采光视野好，大三室,永新华世界湾,海关,3室2厅,173.52平米,南 北,精装,低楼层(共34层),0人关注 / 一年前发布, 109万,"6,282元/平"
工农村南区  一提两户 产权清晰 可按揭,工农村南区,天鹅湖,2室2厅,63.48平米,东 北 西,其他,低楼层(共8层),0人关注 / 12天以前发布, 36万,"5,672元/平"
格林小镇 两室 中间楼层 无遮挡 精装修 停车方便,天庆格林小镇西区,雁滩高新区,2室2厅,98.29平米,南,精装,中楼层(共32层),0人关注 / 13天以前发布, 116万,"11,802元/平"
雁北路 精装未入住 2室 带全套家具 可按揭,金川•聚金雅园,北面滩,2室1厅,91.49平米,南,精装,中楼层(共33层),0人关注 / 4个月以前发布, 79.8万,"8,723元/平"
出售雅苑三室精装，中间楼层，视野开阔,瑞岭雅苑,兰州新区,3室2厅,124.04平米,南 北,精装,中楼层(共18层),0人关注 / 8个月以前发布, 72.8万,"5,870元/平"
万达茂奥体地铁口，三室两卫精装修南北通透,保利理想城,奥体中心,3室2厅,116.27平米,南 北,精装,中楼层(共31层),0人关注 / 4个月以前发布, 123万,"10,579元/平"
广武门电梯 四室两厅  精装修  三十五,广武嘉苑,广武门,4室2厅,123.46平米,南 北,精装,中楼层(共31层),0人关注 / 1个月以前发布, 255万,"20,655元/平"
新区二号湖边 地段好 配套成熟 交通便利 生活方便,智慧金融城H区,兰州新区,3室2厅,107.59平米,南 北,毛坯,中楼层(共30层),0人关注 / 8个月以前发布, 45万,"4,183元/平"
银河国际一楼带花园 精装修 三室南北通透 花园大,银河国际A区,碧桂园,3室1厅,114.66平米,南 北,精装,低楼层(共25层),0人关注 / 3个月以前发布, 120万,"10,466元/平"
文化宫地铁口！两室一厅电梯房 户型方正 产权清晰,兆烽嘉园,文化宫,2室1厅,85.01平米,西,简装,中楼层(共9层),0人关注 / 4个月以前发布, 69.8万,"8,211元/平"
精装，楼层佳，采光视野好，交通便利，绿化环境好,中海凯旋门,海关,3室2厅,120.67平米,南 北,精装,高楼层(共33层),0人关注 / 1个月以前发布, 139万,"11,520元/平"
此房目前空置，在小区中间位置，房子楼层采光充足,大名城D区蓝郡,榆中县,3室2厅,130.6平米,南 北,毛坯,中楼层(共18层),0人关注 / 一年前发布, 53万,"4,059元/平"
此房是钢混此房南北通透，中间楼层，采光好,省电信器材场家属院,兰大盘旋路,2室1厅,61.94平米,南 北,简装,中楼层(共6层),0人关注 / 22天以前发布, 120万,"19,374元/平"
碧桂园三期园丁园毛坯边户三室两厅两卫户型,碧桂园园丁园,碧桂园,3室2厅,119.76平米,南 北,毛坯,低楼层(共26层),0人关注 / 8个月以前发布, 54万,"4,510元/平"
绿色市场旁边中间楼层，交通便利，小户型住房,红西村社区（红山根西村/红山根西路）,火车站,2室1厅,58.29平米,南 北,简装,中楼层(共8层),0人关注 / 3个月以前发布, 27.5万,"4,718元/平"
兰石家园 小区配套齐全 交通便利 环境好,兰石家园,兰州新区,3室2厅,104.76平米,南 北,简装,高楼层(共16层),1人关注 / 10个月以前发布, 43.8万,"4,181元/平"
广场 盘旋路 农民巷 两室一厅 南北通透 随时看房,省教委家属院,渭源路,2室1厅,45.98平米,南 北,其他,中楼层(共5层),0人关注 / 25天以前发布, 41万,"8,917元/平"
公园跟前  好楼层  南北通透  业主急售,西固区人民政府家属院,金城公园,2室1厅,72.66平米,南 北,简装,中楼层(共6层),0人关注 / 24天以前发布, 47.8万,"6,579元/平"
小区环境优美 水系景观 小区绿化很好 物业费便,天恒·银滩花园B区,马滩,2室2厅,93.17平米,南,其他,低楼层(共32层),0人关注 / 6个月以前发布, 77万,"8,265元/平"
电梯房 中间楼层 秦安路  工商局家属院产权按揭,新华港社区（华亭街）,广武门,2室2厅,91平米,东南,简装,中楼层(共9层),0人关注 / 8个月以前发布, 77万,"8,462元/平"
西固热电二区 2室1厅 南 北,西固热电二区,金城公园,2室1厅,45.47平米,南 北,精装,中楼层(共5层),0人关注 / 3个月以前发布, 36万,"7,918元/平"
房子户型方正，有电梯，出行方便，单价低，看房方便。,中廣宜景湾·尚城,北面滩,2室2厅,110.11平米,东北,毛坯,低楼层(共33层),0人关注 / 一年前发布, 96.8万,"8,792元/平"
万达商圈 河景房 客厅、卧室都可看到黄河 高层 视野佳,中广 · 宜景湾,万达大润发,2室1厅,100.55平米,西 北,其他,高楼层(共33层),1人关注 / 3个月以前发布, 125万,"12,432元/平"
万达茂，交通方便，可随时看房。,万达观澜,奥体中心,3室2厅,125.72平米,东南,精装,中楼层(共25层),0人关注 / 2个月以前发布, 140万,"11,136元/平"
小高层，1梯3户，朝南，采光视野无遮挡,新乐苑,火车站,1室1厅,76.99平米,南,简装,中楼层(共17层),0人关注 / 19天以前发布, 65万,"8,443元/平"
新华印刷厂家属院 朝南户型 交通便利,新华印刷厂家属院（定西南路）,火车站,2室1厅,54.2平米,南,简装,高楼层(共7层),0人关注 / 9个月以前发布, 29万,"5,351元/平"
鸿运润园 2室2厅 南,鸿运润园,雁北路,2室2厅,93.5平米,南,简装,高楼层(共18层),0人关注 / 2个月以前发布, 120万,"12,835元/平"
一梯两户，公摊小，使用面积大，户型方正,金城新天地,兰州新区,2室1厅,86.53平米,南,毛坯,中楼层(共31层),0人关注 / 一年前发布, 31.8万,"3,676元/平"
铁建馨苑电梯房 西客站南广场近地铁随时可看房,铁建馨苑,龚家湾,2室1厅,96平米,南,精装,低楼层(共34层),0人关注 / 1个月以前发布, 69万,"7,188元/平"
弘泰名苑 2室2厅电梯房 东南朝向 采光通透,弘泰明苑,火车站,2室1厅,105.17平米,东南,简装,低楼层(共22层),0人关注 / 10个月以前发布, 85万,"8,083元/平"
五泉南关3室2厅采光好户型方正,飞阳家园,西关南关,3室2厅,142.39平米,西北,精装,高楼层(共12层),0人关注 / 4个月以前发布, 126万,"8,849元/平"
广场 东郊巷 电梯产权高层 采光好 视野开阔,甘肃省总工会家属院,渭源路,3室2厅,140平米,东 北,简装,中楼层(共32层),0人关注 / 1个月以前发布, 199万,"14,215元/平"
新区公务员小区 环境优美 好楼层 户型好 生活便利,瑞岭雅苑,兰州新区,2室1厅,96平米,南 北,简装,中楼层(共18层),0人关注 / 一年前发布, 46.8万,"4,875元/平"
瑞岭名郡西区 3室2厅 南 北,瑞岭名郡西区,兰州新区,3室2厅,134.23平米,南 北,精装,中楼层(共18层),0人关注 / 2个月以前发布, 103万,"7,674元/平"
火车站五十二中旁2室1厅电梯房中间楼层生活便利,金润佳苑小区,火车站,2室1厅,71.26平米,西,其他,中楼层(共15层),0人关注 / 15天以前发布, 45万,"6,315元/平"
碧桂园 二期 四环岛旁 一室一厅 精装 能按揭,海德郡五号院,碧桂园,1室1厅,52.56平米,东,精装,低楼层(共25层),0人关注 / 2个月以前发布, 32万,"6,089元/平"
户型方正，无浪费面积，楼层适中，采光好，交通便利,中廣宜景湾·尚城,北面滩,1室1厅,65.44平米,南,简装,低楼层(共31层),2人关注 / 一年前发布, 60万,"9,169元/平"
西固城 精装修 大三室电梯房  有钥匙 随时看房,兰高嘉苑,玉门街,3室2厅,119.36平米,东 南 北,精装,高楼层(共33层),0人关注 / 2个月以前发布, 79万,"6,619元/平"
兰大二院 金城名苑 复式 三室两厅 诚意出售单纯性变现,金城名苑,西关南关,3室2厅,136平米,南 北,简装,高楼层(共12层),0人关注 / 8个月以前发布, 175万,"12,868元/平"
西固城合水路  精装拎包入住好房出售,西固巷社区,小平房,2室1厅,69.9平米,东,精装,中楼层(共5层),0人关注 / 2个月以前发布, 34万,"4,865元/平"
马滩地铁口 花园式小区 朝南户型 采光视野无遮挡,天恒·银滩花园B区,马滩,2室2厅,91.46平米,南,简装,低楼层(共30层),0人关注 / 4个月以前发布, 81万,"8,857元/平"
广场皋兰路 两室一厅中楼层 诚心出售,职工报社家属院（旧大路/皋兰路）,东方红广场,2室1厅,76平米,南 北,简装,中楼层(共8层),0人关注 / 4个月以前发布, 56万,"7,369元/平"
新小区 楼间距大 高楼层 小区环境好 小区停车方便,海盛花园,九州,1室1厅,53.98平米,东南,简装,高楼层(共33层),0人关注 / 3个月以前发布, 33万,"6,114元/平"
优质户型电梯房，主干道，交通便利,中车时代美居,龚家湾,2室2厅,94.37平米,南 北,简装,低楼层(共13层),0人关注 / 1个月以前发布, 74.6万,"7,906元/平"
房子精装修双落地大阳台产权到位电梯房2室2厅明厨明卫,金域华府公馆,曦华源,2室1厅,92.41平米,南 北,精装,高楼层(共31层),0人关注 / 12天以前发布, 79万,"8,549元/平"
瞧，曦华源洋房社区一室一厅，产权清晰可按揭,曦华源,曦华源,1室1厅,81平米,北,精装,低楼层(共11层),1人关注 / 7个月以前发布, 60万,"7,408元/平"
雁滩万达商圈良志嘉年华3室可按揭预约看房,良志·嘉年华,万达大润发,3室2厅,137.01平米,东南,其他,低楼层(共32层),0人关注 / 2个月以前发布, 160万,"11,678元/平"
静宁路三十五 贡元巷两室两厅 南北通透 采光好可按揭,市少儿活动中心家属院,西关南关,2室2厅,110平米,南 北,简装,高楼层(共9层),0人关注 / 一年前发布, 115万,"10,455元/平"
碧桂园.诺四.小高层.二次装修，经典四居室.南北通透,诺四,碧桂园,4室2厅,139.81平米,南 北,精装,低楼层(共18层),0人关注 / 8个月以前发布, 79万,"5,651元/平"
此房子是精装修 南北通透 客厅两卧室都是朝阳面,华润置地二十四城,雁滩高新区,3室2厅,115.55平米,南 北,精装,高楼层(共34层),0人关注 / 6个月以前发布, 120万,"10,386元/平"
铁路局  金轮广场 金轮花园 两室两厅 随时看房,金轮花园,火车站,2室2厅,68平米,东 西,简装,高楼层(共8层),0人关注 / 一年前发布, 49万,"7,206元/平"
小平房交通便利 带电梯 东西朝向 配套齐全,怡安小区(西固区),小平房,2室1厅,73.29平米,东 西,精装,高楼层(共12层),0人关注 / 23天以前发布, 38万,"5,185元/平"
兰石家园 小区配套齐全 交通便利 环境好,兰石家园,兰州新区,3室2厅,104.76平米,南 北,简装,高楼层(共16层),1人关注 / 10个月以前发布, 43.8万,"4,181元/平"
小区环境优美 水系景观 小区绿化很好 物业费便,天恒·银滩花园B区,马滩,2室2厅,93.17平米,南,其他,低楼层(共32层),0人关注 / 6个月以前发布, 77万,"8,265元/平"
公园跟前  好楼层  南北通透  业主急售,西固区人民政府家属院,金城公园,2室1厅,72.66平米,南 北,简装,中楼层(共6层),0人关注 / 24天以前发布, 47.8万,"6,579元/平"
二热十字 框架H户型 南北通透,佳裕小区西区,二热,2室2厅,83平米,南 北,简装,高楼层(共8层),0人关注 / 3个月以前发布, 45万,"5,422元/平"
电梯房 中间楼层 秦安路  工商局家属院产权按揭,新华港社区（华亭街）,广武门,2室2厅,91平米,东南,简装,中楼层(共9层),0人关注 / 8个月以前发布, 77万,"8,462元/平"
西关南关甘南路王马巷准电梯房两室一厅可按揭,民基柏道路小区（王马巷）,五泉广场,3室1厅,91.7平米,东 西,简装,高楼层(共8层),0人关注 / 一年前发布, 66万,"7,198元/平"
南关省政府地铁口 有院子可停车交通便利,兰州海关家属院,西关南关,2室2厅,94平米,南 北,简装,中楼层(共8层),0人关注 / 6个月以前发布, 115万,"12,235元/平"
天庆C区  中间楼层 前排楼栋 好视野,天庆国际新城C区,奥体中心,3室1厅,117.07平米,南 北,其他,高楼层(共31层),0人关注 / 28天以前发布, 99万,"8,457元/平"
碧桂园三室 楼层楼位好 精装修 拎包入住,碧桂园天麓山北苑,碧桂园,3室1厅,101.78平米,南 北,其他,中楼层(共35层),0人关注 / 2个月以前发布, 60万,"5,896元/平"
房子产权满五年，产权清晰，采光无遮挡，视野开阔,景园  盛世华都,安宁庭院,2室2厅,97平米,东 南 南 北,精装,中楼层(共31层),0人关注 / 7天以前发布, 76万,"7,836元/平"
业主诚心出售  中间楼层 产权 可按揭 河景房,滨河丽舍,幸福巷,2室1厅,99.26平米,东 西,其他,中楼层(共9层),0人关注 / 一年前发布, 56万,"5,642元/平"
七里河秀川和谐毛坯 格局方正可按揭 价格可谈,和谐家园,彭家坪,2室2厅,88.14平米,南,毛坯,低楼层(共30层),0人关注 / 4个月以前发布, 49.9万,"5,662元/平"
优质园林小区，主干道，精装修拎包入住,时代海德堡庄园,龚家湾,2室2厅,91.43平米,南,精装,高楼层(共31层),0人关注 / 4个月以前发布, 80万,"8,750元/平"
辰北花园 一层带花园 三室两厅两卫,辰北花园,雁滩高新区,3室1厅,135.79平米,南 北,简装,低楼层(共6层),0人关注 / 4个月以前发布, 128万,"9,427元/平"
铁路局金轮颐园电梯一室一厅采光无遮挡,金轮颐园小区,火车站,2室1厅,52.45平米,南,简装,高楼层(共8层),0人关注 / 19天以前发布, 35万,"6,674元/平"
繁华地段 正规三室户型方正 地铁口 吾悦广场旁。,桃花苑,海关,3室2厅,140.95平米,南 北,简装,中楼层(共8层),1人关注 / 一年前发布, 92万,"6,528元/平"
火车站红山万和城拎包入住南北通透精装修,红山万和城,火车站,2室1厅,92.28平米,南 北,精装,高楼层(共29层),0人关注 / 3个月以前发布, 66万,"7,153元/平"
长城山海苑 两室两厅 东南 看房方便,长城山海苑北苑,兰大盘旋路,2室1厅,83.86平米,东 南,简装,中楼层(共33层),0人关注 / 一年前发布, 123万,"14,668元/平"
西关张掖路步行街时代广场地铁一号线黄河风情线,时代广场,西关南关,3室2厅,225.45平米,南 北,简装,中楼层(共25层),0人关注 / 一年前发布, 160万,"7,097元/平"
房屋产权清晰，可随时看房，需要提前联系维护人,新安雅居,海关,2室1厅,92.93平米,南 西,其他,中楼层(共16层),0人关注 / 6个月以前发布, 63万,"6,780元/平"
七里河南街 电梯房 2室1厅 毛坯 南北,省送电公司家属院小区,兰州中心,2室1厅,88.99平米,南 北,毛坯,低楼层(共34层),0人关注 / 1个月以前发布, 63万,"7,080元/平"
广场附  采光无遮挡  交通便利 生活便利 可随时看房,林业厅家属院（甘南路）,东方红广场,2室1厅,52.22平米,南,其他,低楼层(共9层),0人关注 / 1个月以前发布, 50万,"9,575元/平"
火车站电梯房中间楼层落地大窗采光充足产权清晰可按揭,红山绿茵小区,火车站,1室1厅,58.25平米,南,其他,高楼层(共25层),0人关注 / 28天以前发布, 32万,"5,494元/平"
上西园 新高层 两室 精装修 可按揭,新华园小区,建工局,2室2厅,93.67平米,南,精装,高楼层(共32层),0人关注 / 20天以前发布, 90万,"9,609元/平"
产权清晰 楼层好  采光无遮挡 兰大五里铺地铁站,省地震局南昌路家属院,渭源路,2室1厅,61平米,南 北,简装,中楼层(共6层),0人关注 / 7个月以前发布, 92万,"15,082元/平"
西固主干道  采光好 精装修 带家具家电  价格好谈,建苑小区,兰炼十字,2室1厅,49.56平米,南 北,简装,高楼层(共6层),0人关注 / 15天以前发布, 30万,"6,054元/平"
此房南北朝向，户型好，小区安静，购物方便交通,兰储家园,小平房,2室2厅,96.09平米,南,精装,中楼层(共34层),0人关注 / 一年前发布, 59万,"6,141元/平"
大名城紫金轩精装两室朝南好房出售,大名城紫金轩,榆中县,2室1厅,88平米,南,精装,中楼层(共24层),0人关注 / 26天以前发布, 43万,"4,887元/平"
雁滩大润发  正规三室  户型方正 出行方便,雁滩路3566号,万达大润发,3室2厅,123.36平米,南 北,精装,低楼层(共8层),0人关注 / 一年前发布, 98万,"7,945元/平"
小西湖地铁口 电梯房  三室两厅 南北通透 产权清晰,倚能·金河家园,小西湖,3室2厅,113.66平米,南 北,简装,中楼层(共8层),0人关注 / 一年前发布, 128万,"11,262元/平"
海关地铁口天居吾悦广场旁3室2厅2卫精装房,天居锦河丹堤,海关,3室2厅,112.66平米,南,精装,中楼层(共31层),0人关注 / 2个月以前发布, 105万,"9,321元/平"
广场皋兰路甘南路榆中街十一电梯,省工信委家属院（榆中街）,东方红广场,2室1厅,42.9平米,东 西,简装,高楼层(共7层),0人关注 / 7天以前发布, 65万,"15,152元/平"
七里河 建工局 地铁口 南北户型 可按揭·,电力小区,建工局,2室1厅,65.27平米,南 北,简装,高楼层(共8层),0人关注 / 一年前发布, 52万,"7,967元/平"
此房南北通透格局，采光充足，配套设施齐全，交通便利,保利紫薇花语,福源新城,3室2厅,110.51平米,南 北,精装,中楼层(共33层),0人关注 / 8个月以前发布, 57万,"5,158元/平"
民勤街框架户型方正采光无遮挡看房方便业主稳定,新厦开发公司家属院,广武门,3室1厅,82.99平米,东 西,简装,高楼层(共7层),0人关注 / 7个月以前发布, 98万,"11,809元/平"
户型方正，南北通透，采光好视野佳,绿地康养谷,兰州新区,3室1厅,115.81平米,南 北,毛坯,低楼层(共34层),0人关注 / 7个月以前发布, 53.5万,"4,620元/平"
中海品质物业，房子新，环境好，3室,中海铂悦府三期,龚家湾,3室2厅,92平米,南,毛坯,中楼层(共28层),0人关注 / 3个月以前发布, 79.9万,"8,685元/平"
此房目前空置，在小区中间位置，房子楼层采光充足,大名城D区蓝郡,榆中县,3室2厅,130.6平米,南 北,毛坯,中楼层(共18层),0人关注 / 一年前发布, 53万,"4,059元/平"
上西园 园林小区 正规两室一厅,明仁花苑,上西园,2室1厅,65.78平米,东,其他,低楼层(共8层),0人关注 / 20天以前发布, 39万,"5,929元/平"
业主急售，价格好商量，看房方便,水电四局安装分局家属院,临洮街,2室1厅,54.16平米,南 北,简装,低楼层(共6层),0人关注 / 30天以前发布, 20万,"3,693元/平"
黄河北  三室两厅  毛坯 成熟商圈,元森北新时代（石榴园）,黄河北,3室1厅,103平米,西北,毛坯,中楼层(共35层),1人关注 / 2个月以前发布, 66万,"6,408元/平"
豪布斯卡璟园正规两室··户型方正无浪费,兰石豪布斯卡璟园,豪布斯卡,2室1厅,102平米,南,毛坯,中楼层(共30层),1人关注 / 一年前发布, 109万,"10,687元/平"
广场东口地铁口 框架 两居室 看房方便 业主在兰,省测绘局家属院（东岗西路）,东方红广场,2室1厅,61.8平米,南 北,其他,高楼层(共8层),0人关注 / 1个月以前发布, 49.8万,"8,059元/平"
文化宫 两室两厅 可按揭 拎包入住,林家佳苑,上西园,2室1厅,88.26平米,东,简装,中楼层(共10层),0人关注 / 4个月以前发布, 37万,"4,193元/平"
铁路局新建商品房，内庭结构，园林水系！,逸品华府,火车站,3室2厅,121.09平米,南 北,其他,中楼层(共33层),0人关注 / 一年前发布, 280万,"23,124元/平"
兰州大名城珑域 三室两厅 楼层好视野佳 可按揭 随时看,大名城珑域西区,榆中县,3室2厅,111.04平米,南 北,毛坯,高楼层(共18层),0人关注 / 7个月以前发布, 43.8万,"3,945元/平"
户型方正 落地窗 格局好 视野开阔 飘窗  人车分流,甘肃农垦家园,二热,2室2厅,92.22平米,南 北,简装,低楼层(共32层),0人关注 / 6个月以前发布, 53万,"5,748元/平"
电梯毛坯小高层两室两厅随时过户,八冶家园南院,火车站,2室2厅,60.74平米,北,毛坯,高楼层(共18层),0人关注 / 2个月以前发布, 45万,"7,409元/平"
黄河北小户型公摊小价格低户型方正,中国工商银行楼,黄河北,1室1厅,32.38平米,南 北,简装,中楼层(共6层),0人关注 / 21天以前发布, 22万,"6,795元/平"
